Nome do arquivo,Tempo médio,Memoria media
dmxa0296,0.00462,44168.0
dmxa0368,0.06978,3565178.7
dmxa0454,0.04236,3564373.2
dmxa0628,0.00334,2663023.7
dmxa0734,0.01014,2959649.7
dmxa0848,0.00971,2863686.6
dmxa0903,0.01474,2942494.2
dmxa1010,0.12607,4688250.2
dmxa1109,0.00788,2871826.9
dmxa1200,0.02033,3110617.0
