Nome do arquivo,Tempo médio,Memoria media
alut0787,3.89556,66772.8
alut0805,3.02433,3045711.6
alut1181,42.80601,4247917.2
alut2010,187.76857,5879703.9
alut2288,471.6147,7408031.8
alut2764,1.31831,2903575.1
