Nome do arquivo,Tempo médio,Memoria media
alut0787,0.03304,116016.0
alut0805,0.01714,3083603.7
alut1181,0.09313,4165099.5
alut2010,0.24713,5688780.8
alut2288,0.46307,7154939.3
alut2764,0.00982,2820403.8
