Nome do arquivo,Tempo médio,Memoria media
dmxa0296,0.10922,14860.8
dmxa0368,14.2179,3560562.1
dmxa0454,12.50322,3538240.6
dmxa0628,0.08469,2666797.9
dmxa0734,1.57821,2867512.2
dmxa0848,0.77088,2813494.1
dmxa0903,1.2036,2870280.2
dmxa1010,61.51632,4750118.8
dmxa1109,0.42857,2895463.0
dmxa1200,1.95279,3064313.8
