Nome do arquivo,Tempo médio,Memoria media
alue2087,0.02861,116016.0
alue2105,0.01975,3191301.1
alue3146,0.09503,4292383.8
alue5067,0.07812,4220712.1
alue5345,0.14192,4895722.2
alue5623,0.10617,4735927.5
alue5901,0.34728,8152434.7
alue6179,0.08123,4347848.2
alue6457,0.09231,4515072.8
alue6735,0.10326,4650354.5
alue6951,0.0597,4071668.6
alue7065,1.45121,18711601.2
